Workbook

Sheet PHIEU XUAT KHO
H2: CỘNG HÒA XÃ HỘI CHỦ NGHĨA VIỆT NAM | I2: CỘNG HÒA XÃ HỘI CHỦ NGHĨA VIỆT NAM | J2: CỘNG HÒA XÃ HỘI CHỦ NGHĨA VIỆT NAM | K2: CỘNG HÒA XÃ HỘI CHỦ NGHĨA VIỆT NAM | L2: CỘNG HÒA XÃ HỘI CHỦ NGHĨA VIỆT NAM | M2: CỘNG HÒA XÃ HỘI CHỦ NGHĨA VIỆT NAM | N2: CỘNG HÒA XÃ HỘI CHỦ NGHĨA VIỆT NAM | O2: CỘNG HÒA XÃ HỘI CHỦ NGHĨA VIỆT NAM | P2: CỘNG HÒA XÃ HỘI CHỦ NGHĨA VIỆT NAM | Q2: CỘNG HÒA XÃ HỘI CHỦ NGHĨA VIỆT NAM | R2: CỘNG HÒA XÃ HỘI CHỦ NGHĨA VIỆT NAM | S2: CỘNG HÒA XÃ HỘI CHỦ NGHĨA VIỆT NAM | T2: CỘNG HÒA XÃ HỘI CHỦ NGHĨA VIỆT NAM | U2: CỘNG HÒA XÃ HỘI CHỦ NGHĨA VIỆT NAM
H3: ĐỘC LẬP - TỰ DO - HẠNH PHÚC | I3: ĐỘC LẬP - TỰ DO - HẠNH PHÚC | J3: ĐỘC LẬP - TỰ DO - HẠNH PHÚC | K3: ĐỘC LẬP - TỰ DO - HẠNH PHÚC | L3: ĐỘC LẬP - TỰ DO - HẠNH PHÚC | M3: ĐỘC LẬP - TỰ DO - HẠNH PHÚC | N3: ĐỘC LẬP - TỰ DO - HẠNH PHÚC | O3: ĐỘC LẬP - TỰ DO - HẠNH PHÚC | P3: ĐỘC LẬP - TỰ DO - HẠNH PHÚC | Q3: ĐỘC LẬP - TỰ DO - HẠNH PHÚC | R3: ĐỘC LẬP - TỰ DO - HẠNH PHÚC | S3: ĐỘC LẬP - TỰ DO - HẠNH PHÚC | T3: ĐỘC LẬP - TỰ DO - HẠNH PHÚC | U3: ĐỘC LẬP - TỰ DO - HẠNH PHÚC
G4: CÔNG TY TNHH INOX CƯỜNG PHÁT | H4: CÔNG TY TNHH INOX CƯỜNG PHÁT | I4: CÔNG TY TNHH INOX CƯỜNG PHÁT | J4: CÔNG TY TNHH INOX CƯỜNG PHÁT | K4: CÔNG TY TNHH INOX CƯỜNG PHÁT | L4: CÔNG TY TNHH INOX CƯỜNG PHÁT | M4: CÔNG TY TNHH INOX CƯỜNG PHÁT | N4: CÔNG TY TNHH INOX CƯỜNG PHÁT | O4: CÔNG TY TNHH INOX CƯỜNG PHÁT | P4: CÔNG TY TNHH INOX CƯỜNG PHÁT | Q4: CÔNG TY TNHH INOX CƯỜNG PHÁT | R4: CÔNG TY TNHH INOX CƯỜNG PHÁT | S4: CÔNG TY TNHH INOX CƯỜNG PHÁT | T4: CÔNG TY TNHH INOX CƯỜNG PHÁT | U4: CÔNG TY TNHH INOX CƯỜNG PHÁT
G5: Đ/C: Số 12, Đường Gamuda Garden 3-7/1B, Khu đô thị Gamuda Gardens, | H5: Đ/C: Số 12, Đường Gamuda Garden 3-7/1B, Khu đô thị Gamuda Gardens, | I5: Đ/C: Số 12, Đường Gamuda Garden 3-7/1B, Khu đô thị Gamuda Gardens, | J5: Đ/C: Số 12, Đường Gamuda Garden 3-7/1B, Khu đô thị Gamuda Gardens, | K5: Đ/C: Số 12, Đường Gamuda Garden 3-7/1B, Khu đô thị Gamuda Gardens, | L5: Đ/C: Số 12, Đường Gamuda Garden 3-7/1B, Khu đô thị Gamuda Gardens, | M5: Đ/C: Số 12, Đường Gamuda Garden 3-7/1B, Khu đô thị Gamuda Gardens, | N5: Đ/C: Số 12, Đường Gamuda Garden 3-7/1B, Khu đô thị Gamuda Gardens, | O5: Đ/C: Số 12, Đường Gamuda Garden 3-7/1B, Khu đô thị Gamuda Gardens, | P5: Đ/C: Số 12, Đường Gamuda Garden 3-7/1B, Khu đô thị Gamuda Gardens, | Q5: Đ/C: Số 12, Đường Gamuda Garden 3-7/1B, Khu đô thị Gamuda Gardens, | R5: Đ/C: Số 12, Đường Gamuda Garden 3-7/1B, Khu đô thị Gamuda Gardens, | S5: Đ/C: Số 12, Đường Gamuda Garden 3-7/1B, Khu đô thị Gamuda Gardens, | T5: Đ/C: Số 12, Đường Gamuda Garden 3-7/1B, Khu đô thị Gamuda Gardens, | U5: Đ/C: Số 12, Đường Gamuda Garden 3-7/1B, Khu đô thị Gamuda Gardens,
H6: Phường Hoàng Mai, Thành phố Hà Nội | I6: Phường Hoàng Mai, Thành phố Hà Nội | J6: Phường Hoàng Mai, Thành phố Hà Nội | K6: Phường Hoàng Mai, Thành phố Hà Nội | L6: Phường Hoàng Mai, Thành phố Hà Nội | M6: Phường Hoàng Mai, Thành phố Hà Nội | N6: Phường Hoàng Mai, Thành phố Hà Nội | O6: Phường Hoàng Mai, Thành phố Hà Nội | P6: Phường Hoàng Mai, Thành phố Hà Nội | Q6: Phường Hoàng Mai, Thành phố Hà Nội | R6: Phường Hoàng Mai, Thành phố Hà Nội | S6: Phường Hoàng Mai, Thành phố Hà Nội | T6: Phường Hoàng Mai, Thành phố Hà Nội | U6: Phường Hoàng Mai, Thành phố Hà Nội
G7: MST: 0105844593 - ĐĐ: 0919.304.316 / 0834.304.316 | H7: MST: 0105844593 - ĐĐ: 0919.304.316 / 0834.304.316 | I7: MST: 0105844593 - ĐĐ: 0919.304.316 / 0834.304.316 | J7: MST: 0105844593 - ĐĐ: 0919.304.316 / 0834.304.316 | K7: MST: 0105844593 - ĐĐ: 0919.304.316 / 0834.304.316 | L7: MST: 0105844593 - ĐĐ: 0919.304.316 / 0834.304.316 | M7: MST: 0105844593 - ĐĐ: 0919.304.316 / 0834.304.316 | N7: MST: 0105844593 - ĐĐ: 0919.304.316 / 0834.304.316 | O7: MST: 0105844593 - ĐĐ: 0919.304.316 / 0834.304.316 | P7: MST: 0105844593 - ĐĐ: 0919.304.316 / 0834.304.316 | Q7: MST: 0105844593 - ĐĐ: 0919.304.316 / 0834.304.316 | R7: MST: 0105844593 - ĐĐ: 0919.304.316 / 0834.304.316 | S7: MST: 0105844593 - ĐĐ: 0919.304.316 / 0834.304.316 | T7: MST: 0105844593 - ĐĐ: 0919.304.316 / 0834.304.316 | U7: MST: 0105844593 - ĐĐ: 0919.304.316 / 0834.304.316
F8: ĐC/VPGD - Kho: Xóm 3 - Thôn Văn Giáp - Xã Thường Tín - Thành phố Hà Nội | G8: ĐC/VPGD - Kho: Xóm 3 - Thôn Văn Giáp - Xã Thường Tín - Thành phố Hà Nội | H8: ĐC/VPGD - Kho: Xóm 3 - Thôn Văn Giáp - Xã Thường Tín - Thành phố Hà Nội | I8: ĐC/VPGD - Kho: Xóm 3 - Thôn Văn Giáp - Xã Thường Tín - Thành phố Hà Nội | J8: ĐC/VPGD - Kho: Xóm 3 - Thôn Văn Giáp - Xã Thường Tín - Thành phố Hà Nội | K8: ĐC/VPGD - Kho: Xóm 3 - Thôn Văn Giáp - Xã Thường Tín - Thành phố Hà Nội | L8: ĐC/VPGD - Kho: Xóm 3 - Thôn Văn Giáp - Xã Thường Tín - Thành phố Hà Nội | M8: ĐC/VPGD - Kho: Xóm 3 - Thôn Văn Giáp - Xã Thường Tín - Thành phố Hà Nội | N8: ĐC/VPGD - Kho: Xóm 3 - Thôn Văn Giáp - Xã Thường Tín - Thành phố Hà Nội | O8: ĐC/VPGD - Kho: Xóm 3 - Thôn Văn Giáp - Xã Thường Tín - Thành phố Hà Nội | P8: ĐC/VPGD - Kho: Xóm 3 - Thôn Văn Giáp - Xã Thường Tín - Thành phố Hà Nội | Q8: ĐC/VPGD - Kho: Xóm 3 - Thôn Văn Giáp - Xã Thường Tín - Thành phố Hà Nội | R8: ĐC/VPGD - Kho: Xóm 3 - Thôn Văn Giáp - Xã Thường Tín - Thành phố Hà Nội | S8: ĐC/VPGD - Kho: Xóm 3 - Thôn Văn Giáp - Xã Thường Tín - Thành phố Hà Nội | T8: ĐC/VPGD - Kho: Xóm 3 - Thôn Văn Giáp - Xã Thường Tín - Thành phố Hà Nội | U8: ĐC/VPGD - Kho: Xóm 3 - Thôn Văn Giáp - Xã Thường Tín - Thành phố Hà Nội
F9: TK1: 020017028686 tại Ngân hàng Sacombank - PGD Tân Mai - CN Thanh Trì - Hà Nội | G9: TK1: 020017028686 tại Ngân hàng Sacombank - PGD Tân Mai - CN Thanh Trì - Hà Nội | H9: TK1: 020017028686 tại Ngân hàng Sacombank - PGD Tân Mai - CN Thanh Trì - Hà Nội | I9: TK1: 020017028686 tại Ngân hàng Sacombank - PGD Tân Mai - CN Thanh Trì - Hà Nội | J9: TK1: 020017028686 tại Ngân hàng Sacombank - PGD Tân Mai - CN Thanh Trì - Hà Nội | K9: TK1: 020017028686 tại Ngân hàng Sacombank - PGD Tân Mai - CN Thanh Trì - Hà Nội | L9: TK1: 020017028686 tại Ngân hàng Sacombank - PGD Tân Mai - CN Thanh Trì - Hà Nội | M9: TK1: 020017028686 tại Ngân hàng Sacombank - PGD Tân Mai - CN Thanh Trì - Hà Nội | N9: TK1: 020017028686 tại Ngân hàng Sacombank - PGD Tân Mai - CN Thanh Trì - Hà Nội | O9: TK1: 020017028686 tại Ngân hàng Sacombank - PGD Tân Mai - CN Thanh Trì - Hà Nội | P9: TK1: 020017028686 tại Ngân hàng Sacombank - PGD Tân Mai - CN Thanh Trì - Hà Nội | Q9: TK1: 020017028686 tại Ngân hàng Sacombank - PGD Tân Mai - CN Thanh Trì - Hà Nội | R9: TK1: 020017028686 tại Ngân hàng Sacombank - PGD Tân Mai - CN Thanh Trì - Hà Nội | S9: TK1: 020017028686 tại Ngân hàng Sacombank - PGD Tân Mai - CN Thanh Trì - Hà Nội | T9: TK1: 020017028686 tại Ngân hàng Sacombank - PGD Tân Mai - CN Thanh Trì - Hà Nội | U9: TK1: 020017028686 tại Ngân hàng Sacombank - PGD Tân Mai - CN Thanh Trì - Hà Nội
F10: TK2: 1037526789 tại Ngân hàng Vietcombank - CN Tây Hồ - Hà Nội | G10: TK2: 1037526789 tại Ngân hàng Vietcombank - CN Tây Hồ - Hà Nội | H10: TK2: 1037526789 tại Ngân hàng Vietcombank - CN Tây Hồ - Hà Nội | I10: TK2: 1037526789 tại Ngân hàng Vietcombank - CN Tây Hồ - Hà Nội | J10: TK2: 1037526789 tại Ngân hàng Vietcombank - CN Tây Hồ - Hà Nội | K10: TK2: 1037526789 tại Ngân hàng Vietcombank - CN Tây Hồ - Hà Nội | L10: TK2: 1037526789 tại Ngân hàng Vietcombank - CN Tây Hồ - Hà Nội | M10: TK2: 1037526789 tại Ngân hàng Vietcombank - CN Tây Hồ - Hà Nội | N10: TK2: 1037526789 tại Ngân hàng Vietcombank - CN Tây Hồ - Hà Nội | O10: TK2: 1037526789 tại Ngân hàng Vietcombank - CN Tây Hồ - Hà Nội | P10: TK2: 1037526789 tại Ngân hàng Vietcombank - CN Tây Hồ - Hà Nội | Q10: TK2: 1037526789 tại Ngân hàng Vietcombank - CN Tây Hồ - Hà Nội | R10: TK2: 1037526789 tại Ngân hàng Vietcombank - CN Tây Hồ - Hà Nội | S10: TK2: 1037526789 tại Ngân hàng Vietcombank - CN Tây Hồ - Hà Nội | T10: TK2: 1037526789 tại Ngân hàng Vietcombank - CN Tây Hồ - Hà Nội | U10: TK2: 1037526789 tại Ngân hàng Vietcombank - CN Tây Hồ - Hà Nội
A11: BIÊN BẢN GIAO NHẬN HÀNG KIÊM GIẤY XÁC NHẬN NỢ | B11: BIÊN BẢN GIAO NHẬN HÀNG KIÊM GIẤY XÁC NHẬN NỢ | C11: BIÊN BẢN GIAO NHẬN HÀNG KIÊM GIẤY XÁC NHẬN NỢ | D11: BIÊN BẢN GIAO NHẬN HÀNG KIÊM GIẤY XÁC NHẬN NỢ | E11: BIÊN BẢN GIAO NHẬN HÀNG KIÊM GIẤY XÁC NHẬN NỢ | F11: BIÊN BẢN GIAO NHẬN HÀNG KIÊM GIẤY XÁC NHẬN NỢ | G11: BIÊN BẢN GIAO NHẬN HÀNG KIÊM GIẤY XÁC NHẬN NỢ | H11: BIÊN BẢN GIAO NHẬN HÀNG KIÊM GIẤY XÁC NHẬN NỢ | I11: BIÊN BẢN GIAO NHẬN HÀNG KIÊM GIẤY XÁC NHẬN NỢ | J11: BIÊN BẢN GIAO NHẬN HÀNG KIÊM GIẤY XÁC NHẬN NỢ | K11: BIÊN BẢN GIAO NHẬN HÀNG KIÊM GIẤY XÁC NHẬN NỢ | L11: BIÊN BẢN GIAO NHẬN HÀNG KIÊM GIẤY XÁC NHẬN NỢ | M11: BIÊN BẢN GIAO NHẬN HÀNG KIÊM GIẤY XÁC NHẬN NỢ | N11: BIÊN BẢN GIAO NHẬN HÀNG KIÊM GIẤY XÁC NHẬN NỢ | O11: BIÊN BẢN GIAO NHẬN HÀNG KIÊM GIẤY XÁC NHẬN NỢ | P11: BIÊN BẢN GIAO NHẬN HÀNG KIÊM GIẤY XÁC NHẬN NỢ | Q11: BIÊN BẢN GIAO NHẬN HÀNG KIÊM GIẤY XÁC NHẬN NỢ | R11: BIÊN BẢN GIAO NHẬN HÀNG KIÊM GIẤY XÁC NHẬN NỢ | S11: BIÊN BẢN GIAO NHẬN HÀNG KIÊM GIẤY XÁC NHẬN NỢ | T11: BIÊN BẢN GIAO NHẬN HÀNG KIÊM GIẤY XÁC NHẬN NỢ | U11: BIÊN BẢN GIAO NHẬN HÀNG KIÊM GIẤY XÁC NHẬN NỢ
A12: Bên mua hàng: | B12: Bên mua hàng: | C12: Bên mua hàng:
A13: Địa chỉ: | B13: Địa chỉ:
A14: Hà Nội, ngày | B14: Hà Nội, ngày | C14: Hà Nội, ngày | F14: tháng | G14: tháng | J14: năm 202 | K14: năm 202 | L14: năm 202 | P14: Số: | Q14: Số: | R14: 1
A15: STT | B15: Chủng loại hàng hóa | C15: Chủng loại hàng hóa | D15: Chủng loại hàng hóa | E15: Chủng loại hàng hóa | F15: Chủng loại hàng hóa | G15: Chủng loại hàng hóa | H15: Chủng loại hàng hóa | I15: Chủng loại hàng hóa | J15: Chủng loại hàng hóa | K15: Mã hàng | L15: Mã hàng | M15: Khối lượng (kg) | N15: Khối lượng (kg) | O15: Đơn giá | P15: Đơn giá | Q15: Đơn giá | R15: Thành tiền | S15: Thành tiền | T15: Thành tiền | U15: Thành tiền
A16: 1 | R16: =IF(OR(M16="",O16=""),"",M16*O16)
A17: 2 | R17: =IF(OR(M17="",O17=""),"",M17*O17)
A18: 3 | R18: =IF(OR(M18="",O18=""),"",M18*O18)
A19: 4 | R19: =IF(OR(M19="",O19=""),"",M19*O19)
A20: 5 | R20: =IF(OR(M20="",O20=""),"",M20*O20)
A21: 6 | R21: =IF(OR(M21="",O21=""),"",M21*O21)
A22: 7 | R22: =IF(OR(M22="",O22=""),"",M22*O22)
A23: 8 | R23: =IF(OR(M23="",O23=""),"",M23*O23)
A24: 9 | R24: =IF(OR(M24="",O24=""),"",M24*O24)
A25: 10 | R25: =IF(OR(M25="",O25=""),"",M25*O25)
A26: 11 | R26: =IF(OR(M26="",O26=""),"",M26*O26)
A27: 12 | R27: =IF(OR(M27="",O27=""),"",M27*O27)
... A29: 14 | R29: =IF(OR(M29="",O29=""),"",M29*O29)
B30: TỔNG CỘNG | C30: TỔNG CỘNG | D30: TỔNG CỘNG | E30: TỔNG CỘNG | F30: TỔNG CỘNG | G30: TỔNG CỘNG | H30: TỔNG CỘNG | I30: TỔNG CỘNG | J30: TỔNG CỘNG | R30: =IF(COUNT(R16:R29)=0,"",SUM(R16:R29))
A31: Thanh toán tiền: | B31: Thanh toán tiền: | C31: Thanh toán tiền: | D31: Thanh toán tiền: | E31: =IF(R30="","",R30)
A32: Số tiền đã thanh toán: | B32: Số tiền đã thanh toán: | C32: Số tiền đã thanh toán: | D32: Số tiền đã thanh toán: | E32: Số tiền đã thanh toán:
A33: Số tiền còn phải thanh toán: | B33: Số tiền còn phải thanh toán: | C33: Số tiền còn phải thanh toán: | D33: Số tiền còn phải thanh toán: | E33: Số tiền còn phải thanh toán: | F33: Số tiền còn phải thanh toán: | G33: =IF(R30="","",R30-IF(F32="",0,F32))
A34: Điều khoản thanh toán: | B34: Điều khoản thanh toán: | C34: Điều khoản thanh toán: | D34: Điều khoản thanh toán: | E34: Điều khoản thanh toán: | F34: Điều khoản thanh toán: | G34: Điều khoản thanh toán: | H34: Điều khoản thanh toán: | I34: Điều khoản thanh toán: | J34: Điều khoản thanh toán: | K34: Điều khoản thanh toán: | L34: Điều khoản thanh toán: | M34: Điều khoản thanh toán: | N34: Điều khoản thanh toán: | O34: Điều khoản thanh toán: | P34: Điều khoản thanh toán: | Q34: Điều khoản thanh toán: | R34: Điều khoản thanh toán: | S34: Điều khoản thanh toán: | T34: Điều khoản thanh toán: | U34: Điều khoản thanh toán:
A35: - Bên mua hàng thanh toán tiền trong vòng .......ngày kể từ ngày nhận hàng. Nếu bên mua hàng thanh toán không đúng hạn sẽ chịu lãi suất quá hạn theo lãi suất vay ngân hàng ngắn hạn tại thời điểm quá hạn. | B35: - Bên mua hàng thanh toán tiền trong vòng .......ngày kể từ ngày nhận hàng. Nếu bên mua hàng thanh toán không đúng hạn sẽ chịu lãi suất quá hạn theo lãi suất vay ngân hàng ngắn hạn tại thời điểm quá hạn. | C35: - Bên mua hàng thanh toán tiền trong vòng .......ngày kể từ ngày nhận hàng. Nếu bên mua hàng thanh toán không đúng hạn sẽ chịu lãi suất quá hạn theo lãi suất vay ngân hàng ngắn hạn tại thời điểm quá hạn. | D35: - Bên mua hàng thanh toán tiền trong vòng .......ngày kể từ ngày nhận hàng. Nếu bên mua hàng thanh toán không đúng hạn sẽ chịu lãi suất quá hạn theo lãi suất vay ngân hàng ngắn hạn tại thời điểm quá hạn. | E35: - Bên mua hàng thanh toán tiền trong vòng .......ngày kể từ ngày nhận hàng. Nếu bên mua hàng thanh toán không đúng hạn sẽ chịu lãi suất quá hạn theo lãi suất vay ngân hàng ngắn hạn tại thời điểm quá hạn. | F35: - Bên mua hàng thanh toán tiền trong vòng .......ngày kể từ ngày nhận hàng. Nếu bên mua hàng thanh toán không đúng hạn sẽ chịu lãi suất quá hạn theo lãi suất vay ngân hàng ngắn hạn tại thời điểm quá hạn. | G35: - Bên mua hàng thanh toán tiền trong vòng .......ngày kể từ ngày nhận hàng. Nếu bên mua hàng thanh toán không đúng hạn sẽ chịu lãi suất quá hạn theo lãi suất vay ngân hàng ngắn hạn tại thời điểm quá hạn. | H35: - Bên mua hàng thanh toán tiền trong vòng .......ngày kể từ ngày nhận hàng. Nếu bên mua hàng thanh toán không đúng hạn sẽ chịu lãi suất quá hạn theo lãi suất vay ngân hàng ngắn hạn tại thời điểm quá hạn. | I35: - Bên mua hàng thanh toán tiền trong vòng .......ngày kể từ ngày nhận hàng. Nếu bên mua hàng thanh toán không đúng hạn sẽ chịu lãi suất quá hạn theo lãi suất vay ngân hàng ngắn hạn tại thời điểm quá hạn. | J35: - Bên mua hàng thanh toán tiền trong vòng .......ngày kể từ ngày nhận hàng. Nếu bên mua hàng thanh toán không đúng hạn sẽ chịu lãi suất quá hạn theo lãi suất vay ngân hàng ngắn hạn tại thời điểm quá hạn. | K35: - Bên mua hàng thanh toán tiền trong vòng .......ngày kể từ ngày nhận hàng. Nếu bên mua hàng thanh toán không đúng hạn sẽ chịu lãi suất quá hạn theo lãi suất vay ngân hàng ngắn hạn tại thời điểm quá hạn. | L35: - Bên mua hàng thanh toán tiền trong vòng .......ngày kể từ ngày nhận hàng. Nếu bên mua hàng thanh toán không đúng hạn sẽ chịu lãi suất quá hạn theo lãi suất vay ngân hàng ngắn hạn tại thời điểm quá hạn. | M35: - Bên mua hàng thanh toán tiền trong vòng .......ngày kể từ ngày nhận hàng. Nếu bên mua hàng thanh toán không đúng hạn sẽ chịu lãi suất quá hạn theo lãi suất vay ngân hàng ngắn hạn tại thời điểm quá hạn. | N35: - Bên mua hàng thanh toán tiền trong vòng .......ngày kể từ ngày nhận hàng. Nếu bên mua hàng thanh toán không đúng hạn sẽ chịu lãi suất quá hạn theo lãi suất vay ngân hàng ngắn hạn tại thời điểm quá hạn. | O35: - Bên mua hàng thanh toán tiền trong vòng .......ngày kể từ ngày nhận hàng. Nếu bên mua hàng thanh toán không đúng hạn sẽ chịu lãi suất quá hạn theo lãi suất vay ngân hàng ngắn hạn tại thời điểm quá hạn. | P35: - Bên mua hàng thanh toán tiền trong vòng .......ngày kể từ ngày nhận hàng. Nếu bên mua hàng thanh toán không đúng hạn sẽ chịu lãi suất quá hạn theo lãi suất vay ngân hàng ngắn hạn tại thời điểm quá hạn. | Q35: - Bên mua hàng thanh toán tiền trong vòng .......ngày kể từ ngày nhận hàng. Nếu bên mua hàng thanh toán không đúng hạn sẽ chịu lãi suất quá hạn theo lãi suất vay ngân hàng ngắn hạn tại thời điểm quá hạn. | R35: - Bên mua hàng thanh toán tiền trong vòng .......ngày kể từ ngày nhận hàng. Nếu bên mua hàng thanh toán không đúng hạn sẽ chịu lãi suất quá hạn theo lãi suất vay ngân hàng ngắn hạn tại thời điểm quá hạn. | S35: - Bên mua hàng thanh toán tiền trong vòng .......ngày kể từ ngày nhận hàng. Nếu bên mua hàng thanh toán không đúng hạn sẽ chịu lãi suất quá hạn theo lãi suất vay ngân hàng ngắn hạn tại thời điểm quá hạn. | T35: - Bên mua hàng thanh toán tiền trong vòng .......ngày kể từ ngày nhận hàng. Nếu bên mua hàng thanh toán không đúng hạn sẽ chịu lãi suất quá hạn theo lãi suất vay ngân hàng ngắn hạn tại thời điểm quá hạn. | U35: - Bên mua hàng thanh toán tiền trong vòng .......ngày kể từ ngày nhận hàng. Nếu bên mua hàng thanh toán không đúng hạn sẽ chịu lãi suất quá hạn theo lãi suất vay ngân hàng ngắn hạn tại thời điểm quá hạn.
A36: - Quý khách hàng vui lòng kiểm tra đúng số lượng, chủng loại, chất lượng hàng hoá khi nhận hàng. | B36: - Quý khách hàng vui lòng kiểm tra đúng số lượng, chủng loại, chất lượng hàng hoá khi nhận hàng. | C36: - Quý khách hàng vui lòng kiểm tra đúng số lượng, chủng loại, chất lượng hàng hoá khi nhận hàng. | D36: - Quý khách hàng vui lòng kiểm tra đúng số lượng, chủng loại, chất lượng hàng hoá khi nhận hàng. | E36: - Quý khách hàng vui lòng kiểm tra đúng số lượng, chủng loại, chất lượng hàng hoá khi nhận hàng. | F36: - Quý khách hàng vui lòng kiểm tra đúng số lượng, chủng loại, chất lượng hàng hoá khi nhận hàng. | G36: - Quý khách hàng vui lòng kiểm tra đúng số lượng, chủng loại, chất lượng hàng hoá khi nhận hàng. | H36: - Quý khách hàng vui lòng kiểm tra đúng số lượng, chủng loại, chất lượng hàng hoá khi nhận hàng. | I36: - Quý khách hàng vui lòng kiểm tra đúng số lượng, chủng loại, chất lượng hàng hoá khi nhận hàng. | J36: - Quý khách hàng vui lòng kiểm tra đúng số lượng, chủng loại, chất lượng hàng hoá khi nhận hàng. | K36: - Quý khách hàng vui lòng kiểm tra đúng số lượng, chủng loại, chất lượng hàng hoá khi nhận hàng. | L36: - Quý khách hàng vui lòng kiểm tra đúng số lượng, chủng loại, chất lượng hàng hoá khi nhận hàng. | M36: - Quý khách hàng vui lòng kiểm tra đúng số lượng, chủng loại, chất lượng hàng hoá khi nhận hàng. | N36: - Quý khách hàng vui lòng kiểm tra đúng số lượng, chủng loại, chất lượng hàng hoá khi nhận hàng. | O36: - Quý khách hàng vui lòng kiểm tra đúng số lượng, chủng loại, chất lượng hàng hoá khi nhận hàng. | P36: - Quý khách hàng vui lòng kiểm tra đúng số lượng, chủng loại, chất lượng hàng hoá khi nhận hàng. | Q36: - Quý khách hàng vui lòng kiểm tra đúng số lượng, chủng loại, chất lượng hàng hoá khi nhận hàng. | R36: - Quý khách hàng vui lòng kiểm tra đúng số lượng, chủng loại, chất lượng hàng hoá khi nhận hàng. | S36: - Quý khách hàng vui lòng kiểm tra đúng số lượng, chủng loại, chất lượng hàng hoá khi nhận hàng. | T36: - Quý khách hàng vui lòng kiểm tra đúng số lượng, chủng loại, chất lượng hàng hoá khi nhận hàng. | U36: - Quý khách hàng vui lòng kiểm tra đúng số lượng, chủng loại, chất lượng hàng hoá khi nhận hàng.
A37: - Các chi phí gia công như: phủ No4 PVC, HL, nhám, cắt,... chưa có trong đơn giá hàng hoá, Quý khách hàng có nhu cầu xuất hoá đơn gia công vui lòng thông báo lại cho Công ty chúng tôi. | B37: - Các chi phí gia công như: phủ No4 PVC, HL, nhám, cắt,... chưa có trong đơn giá hàng hoá, Quý khách hàng có nhu cầu xuất hoá đơn gia công vui lòng thông báo lại cho Công ty chúng tôi. | C37: - Các chi phí gia công như: phủ No4 PVC, HL, nhám, cắt,... chưa có trong đơn giá hàng hoá, Quý khách hàng có nhu cầu xuất hoá đơn gia công vui lòng thông báo lại cho Công ty chúng tôi. | D37: - Các chi phí gia công như: phủ No4 PVC, HL, nhám, cắt,... chưa có trong đơn giá hàng hoá, Quý khách hàng có nhu cầu xuất hoá đơn gia công vui lòng thông báo lại cho Công ty chúng tôi. | E37: - Các chi phí gia công như: phủ No4 PVC, HL, nhám, cắt,... chưa có trong đơn giá hàng hoá, Quý khách hàng có nhu cầu xuất hoá đơn gia công vui lòng thông báo lại cho Công ty chúng tôi. | F37: - Các chi phí gia công như: phủ No4 PVC, HL, nhám, cắt,... chưa có trong đơn giá hàng hoá, Quý khách hàng có nhu cầu xuất hoá đơn gia công vui lòng thông báo lại cho Công ty chúng tôi. | G37: - Các chi phí gia công như: phủ No4 PVC, HL, nhám, cắt,... chưa có trong đơn giá hàng hoá, Quý khách hàng có nhu cầu xuất hoá đơn gia công vui lòng thông báo lại cho Công ty chúng tôi. | H37: - Các chi phí gia công như: phủ No4 PVC, HL, nhám, cắt,... chưa có trong đơn giá hàng hoá, Quý khách hàng có nhu cầu xuất hoá đơn gia công vui lòng thông báo lại cho Công ty chúng tôi. | I37: - Các chi phí gia công như: phủ No4 PVC, HL, nhám, cắt,... chưa có trong đơn giá hàng hoá, Quý khách hàng có nhu cầu xuất hoá đơn gia công vui lòng thông báo lại cho Công ty chúng tôi. | J37: - Các chi phí gia công như: phủ No4 PVC, HL, nhám, cắt,... chưa có trong đơn giá hàng hoá, Quý khách hàng có nhu cầu xuất hoá đơn gia công vui lòng thông báo lại cho Công ty chúng tôi. | K37: - Các chi phí gia công như: phủ No4 PVC, HL, nhám, cắt,... chưa có trong đơn giá hàng hoá, Quý khách hàng có nhu cầu xuất hoá đơn gia công vui lòng thông báo lại cho Công ty chúng tôi. | L37: - Các chi phí gia công như: phủ No4 PVC, HL, nhám, cắt,... chưa có trong đơn giá hàng hoá, Quý khách hàng có nhu cầu xuất hoá đơn gia công vui lòng thông báo lại cho Công ty chúng tôi. | M37: - Các chi phí gia công như: phủ No4 PVC, HL, nhám, cắt,... chưa có trong đơn giá hàng hoá, Quý khách hàng có nhu cầu xuất hoá đơn gia công vui lòng thông báo lại cho Công ty chúng tôi. | N37: - Các chi phí gia công như: phủ No4 PVC, HL, nhám, cắt,... chưa có trong đơn giá hàng hoá, Quý khách hàng có nhu cầu xuất hoá đơn gia công vui lòng thông báo lại cho Công ty chúng tôi. | O37: - Các chi phí gia công như: phủ No4 PVC, HL, nhám, cắt,... chưa có trong đơn giá hàng hoá, Quý khách hàng có nhu cầu xuất hoá đơn gia công vui lòng thông báo lại cho Công ty chúng tôi. | P37: - Các chi phí gia công như: phủ No4 PVC, HL, nhám, cắt,... chưa có trong đơn giá hàng hoá, Quý khách hàng có nhu cầu xuất hoá đơn gia công vui lòng thông báo lại cho Công ty chúng tôi. | Q37: - Các chi phí gia công như: phủ No4 PVC, HL, nhám, cắt,... chưa có trong đơn giá hàng hoá, Quý khách hàng có nhu cầu xuất hoá đơn gia công vui lòng thông báo lại cho Công ty chúng tôi. | R37: - Các chi phí gia công như: phủ No4 PVC, HL, nhám, cắt,... chưa có trong đơn giá hàng hoá, Quý khách hàng có nhu cầu xuất hoá đơn gia công vui lòng thông báo lại cho Công ty chúng tôi. | S37: - Các chi phí gia công như: phủ No4 PVC, HL, nhám, cắt,... chưa có trong đơn giá hàng hoá, Quý khách hàng có nhu cầu xuất hoá đơn gia công vui lòng thông báo lại cho Công ty chúng tôi. | T37: - Các chi phí gia công như: phủ No4 PVC, HL, nhám, cắt,... chưa có trong đơn giá hàng hoá, Quý khách hàng có nhu cầu xuất hoá đơn gia công vui lòng thông báo lại cho Công ty chúng tôi. | U37: - Các chi phí gia công như: phủ No4 PVC, HL, nhám, cắt,... chưa có trong đơn giá hàng hoá, Quý khách hàng có nhu cầu xuất hoá đơn gia công vui lòng thông báo lại cho Công ty chúng tôi.
A38: - Mọi khiếu nại về hàng hoá có hiệu lực trong vòng 5 ngày kể từ ngày bên mua nhận hàng. | B38: - Mọi khiếu nại về hàng hoá có hiệu lực trong vòng 5 ngày kể từ ngày bên mua nhận hàng. | C38: - Mọi khiếu nại về hàng hoá có hiệu lực trong vòng 5 ngày kể từ ngày bên mua nhận hàng. | D38: - Mọi khiếu nại về hàng hoá có hiệu lực trong vòng 5 ngày kể từ ngày bên mua nhận hàng. | E38: - Mọi khiếu nại về hàng hoá có hiệu lực trong vòng 5 ngày kể từ ngày bên mua nhận hàng. | F38: - Mọi khiếu nại về hàng hoá có hiệu lực trong vòng 5 ngày kể từ ngày bên mua nhận hàng. | G38: - Mọi khiếu nại về hàng hoá có hiệu lực trong vòng 5 ngày kể từ ngày bên mua nhận hàng. | H38: - Mọi khiếu nại về hàng hoá có hiệu lực trong vòng 5 ngày kể từ ngày bên mua nhận hàng. | I38: - Mọi khiếu nại về hàng hoá có hiệu lực trong vòng 5 ngày kể từ ngày bên mua nhận hàng. | J38: - Mọi khiếu nại về hàng hoá có hiệu lực trong vòng 5 ngày kể từ ngày bên mua nhận hàng. | K38: - Mọi khiếu nại về hàng hoá có hiệu lực trong vòng 5 ngày kể từ ngày bên mua nhận hàng. | L38: - Mọi khiếu nại về hàng hoá có hiệu lực trong vòng 5 ngày kể từ ngày bên mua nhận hàng. | M38: - Mọi khiếu nại về hàng hoá có hiệu lực trong vòng 5 ngày kể từ ngày bên mua nhận hàng. | N38: - Mọi khiếu nại về hàng hoá có hiệu lực trong vòng 5 ngày kể từ ngày bên mua nhận hàng. | O38: - Mọi khiếu nại về hàng hoá có hiệu lực trong vòng 5 ngày kể từ ngày bên mua nhận hàng. | P38: - Mọi khiếu nại về hàng hoá có hiệu lực trong vòng 5 ngày kể từ ngày bên mua nhận hàng. | Q38: - Mọi khiếu nại về hàng hoá có hiệu lực trong vòng 5 ngày kể từ ngày bên mua nhận hàng. | R38: - Mọi khiếu nại về hàng hoá có hiệu lực trong vòng 5 ngày kể từ ngày bên mua nhận hàng. | S38: - Mọi khiếu nại về hàng hoá có hiệu lực trong vòng 5 ngày kể từ ngày bên mua nhận hàng. | T38: - Mọi khiếu nại về hàng hoá có hiệu lực trong vòng 5 ngày kể từ ngày bên mua nhận hàng. | U38: - Mọi khiếu nại về hàng hoá có hiệu lực trong vòng 5 ngày kể từ ngày bên mua nhận hàng.
A39: Xác nhận của thủ kho | B39: Xác nhận của thủ kho | C39: Xác nhận của thủ kho | D39: Xác nhận của thủ kho | E39: Xác nhận của thủ kho | F39: Xác nhận của thủ kho | G39: Xác nhận của thủ kho | H39: Nhân viên bán hàng | I39: Nhân viên bán hàng | J39: Nhân viên bán hàng | K39: Nhân viên bán hàng | L39: Nhân viên bán hàng | M39: Nhân viên bán hàng | N39: Nhân viên bán hàng | O39: Đại diện bên mua hàng | P39: Đại diện bên mua hàng | Q39: Đại diện bên mua hàng | R39: Đại diện bên mua hàng | S39: Đại diện bên mua hàng | T39: Đại diện bên mua hàng | U39: Đại diện bên mua hàng
A40: (Ký, ghi rõ họ tên) | B40: (Ký, ghi rõ họ tên) | C40: (Ký, ghi rõ họ tên) | D40: (Ký, ghi rõ họ tên) | E40: (Ký, ghi rõ họ tên) | F40: (Ký, ghi rõ họ tên) | G40: (Ký, ghi rõ họ tên) | H40: (Ký, ghi rõ họ tên) | I40: (Ký, ghi rõ họ tên) | J40: (Ký, ghi rõ họ tên) | K40: (Ký, ghi rõ họ tên) | L40: (Ký, ghi rõ họ tên) | M40: (Ký, ghi rõ họ tên) | N40: (Ký, ghi rõ họ tên) | O40: (Ký, ghi rõ họ tên) | P40: (Ký, ghi rõ họ tên) | Q40: (Ký, ghi rõ họ tên) | R40: (Ký, ghi rõ họ tên) | S40: (Ký, ghi rõ họ tên) | T40: (Ký, ghi rõ họ tên) | U40: (Ký, ghi rõ họ tên)

Sheet IN LEN PHOI
D12: =IF('PHIEU XUAT KHO'!D12="","",'PHIEU XUAT KHO'!D12)
C13: =IF('PHIEU XUAT KHO'!C13="","",'PHIEU XUAT KHO'!C13)
D14: =IF('PHIEU XUAT KHO'!D14="","",'PHIEU XUAT KHO'!D14) | H14: =IF('PHIEU XUAT KHO'!H14="","",'PHIEU XUAT KHO'!H14) | M14: =IF('PHIEU XUAT KHO'!M14="","",'PHIEU XUAT KHO'!M14) | R14: =IF('PHIEU XUAT KHO'!R14="","",'PHIEU XUAT KHO'!R14) -> 1
B16: =IF('PHIEU XUAT KHO'!B16="","",'PHIEU XUAT KHO'!B16) | K16: =IF('PHIEU XUAT KHO'!K16="","",'PHIEU XUAT KHO'!K16) | M16: =IF('PHIEU XUAT KHO'!M16="","",'PHIEU XUAT KHO'!M16) | O16: =IF('PHIEU XUAT KHO'!O16="","",'PHIEU XUAT KHO'!O16) | R16: =IF('PHIEU XUAT KHO'!R16="","",'PHIEU XUAT KHO'!R16)
B17: =IF('PHIEU XUAT KHO'!B17="","",'PHIEU XUAT KHO'!B17) | K17: =IF('PHIEU XUAT KHO'!K17="","",'PHIEU XUAT KHO'!K17) | M17: =IF('PHIEU XUAT KHO'!M17="","",'PHIEU XUAT KHO'!M17) | O17: =IF('PHIEU XUAT KHO'!O17="","",'PHIEU XUAT KHO'!O17) | R17: =IF('PHIEU XUAT KHO'!R17="","",'PHIEU XUAT KHO'!R17)
B18: =IF('PHIEU XUAT KHO'!B18="","",'PHIEU XUAT KHO'!B18) | K18: =IF('PHIEU XUAT KHO'!K18="","",'PHIEU XUAT KHO'!K18) | M18: =IF('PHIEU XUAT KHO'!M18="","",'PHIEU XUAT KHO'!M18) | O18: =IF('PHIEU XUAT KHO'!O18="","",'PHIEU XUAT KHO'!O18) | R18: =IF('PHIEU XUAT KHO'!R18="","",'PHIEU XUAT KHO'!R18)
B19: =IF('PHIEU XUAT KHO'!B19="","",'PHIEU XUAT KHO'!B19) | K19: =IF('PHIEU XUAT KHO'!K19="","",'PHIEU XUAT KHO'!K19) | M19: =IF('PHIEU XUAT KHO'!M19="","",'PHIEU XUAT KHO'!M19) | O19: =IF('PHIEU XUAT KHO'!O19="","",'PHIEU XUAT KHO'!O19) | R19: =IF('PHIEU XUAT KHO'!R19="","",'PHIEU XUAT KHO'!R19)
B20: =IF('PHIEU XUAT KHO'!B20="","",'PHIEU XUAT KHO'!B20) | K20: =IF('PHIEU XUAT KHO'!K20="","",'PHIEU XUAT KHO'!K20) | M20: =IF('PHIEU XUAT KHO'!M20="","",'PHIEU XUAT KHO'!M20) | O20: =IF('PHIEU XUAT KHO'!O20="","",'PHIEU XUAT KHO'!O20) | R20: =IF('PHIEU XUAT KHO'!R20="","",'PHIEU XUAT KHO'!R20)
B21: =IF('PHIEU XUAT KHO'!B21="","",'PHIEU XUAT KHO'!B21) | K21: =IF('PHIEU XUAT KHO'!K21="","",'PHIEU XUAT KHO'!K21) | M21: =IF('PHIEU XUAT KHO'!M21="","",'PHIEU XUAT KHO'!M21) | O21: =IF('PHIEU XUAT KHO'!O21="","",'PHIEU XUAT KHO'!O21) | R21: =IF('PHIEU XUAT KHO'!R21="","",'PHIEU XUAT KHO'!R21)
B22: =IF('PHIEU XUAT KHO'!B22="","",'PHIEU XUAT KHO'!B22) | K22: =IF('PHIEU XUAT KHO'!K22="","",'PHIEU XUAT KHO'!K22) | M22: =IF('PHIEU XUAT KHO'!M22="","",'PHIEU XUAT KHO'!M22) | O22: =IF('PHIEU XUAT KHO'!O22="","",'PHIEU XUAT KHO'!O22) | R22: =IF('PHIEU XUAT KHO'!R22="","",'PHIEU XUAT KHO'!R22)
B23: =IF('PHIEU XUAT KHO'!B23="","",'PHIEU XUAT KHO'!B23) | K23: =IF('PHIEU XUAT KHO'!K23="","",'PHIEU XUAT KHO'!K23) | M23: =IF('PHIEU XUAT KHO'!M23="","",'PHIEU XUAT KHO'!M23) | O23: =IF('PHIEU XUAT KHO'!O23="","",'PHIEU XUAT KHO'!O23) | R23: =IF('PHIEU XUAT KHO'!R23="","",'PHIEU XUAT KHO'!R23)
B24: =IF('PHIEU XUAT KHO'!B24="","",'PHIEU XUAT KHO'!B24) | K24: =IF('PHIEU XUAT KHO'!K24="","",'PHIEU XUAT KHO'!K24) | M24: =IF('PHIEU XUAT KHO'!M24="","",'PHIEU XUAT KHO'!M24) | O24: =IF('PHIEU XUAT KHO'!O24="","",'PHIEU XUAT KHO'!O24) | R24: =IF('PHIEU XUAT KHO'!R24="","",'PHIEU XUAT KHO'!R24)
B25: =IF('PHIEU XUAT KHO'!B25="","",'PHIEU XUAT KHO'!B25) | K25: =IF('PHIEU XUAT KHO'!K25="","",'PHIEU XUAT KHO'!K25) | M25: =IF('PHIEU XUAT KHO'!M25="","",'PHIEU XUAT KHO'!M25) | O25: =IF('PHIEU XUAT KHO'!O25="","",'PHIEU XUAT KHO'!O25) | R25: =IF('PHIEU XUAT KHO'!R25="","",'PHIEU XUAT KHO'!R25)
B26: =IF('PHIEU XUAT KHO'!B26="","",'PHIEU XUAT KHO'!B26) | K26: =IF('PHIEU XUAT KHO'!K26="","",'PHIEU XUAT KHO'!K26) | M26: =IF('PHIEU XUAT KHO'!M26="","",'PHIEU XUAT KHO'!M26) | O26: =IF('PHIEU XUAT KHO'!O26="","",'PHIEU XUAT KHO'!O26) | R26: =IF('PHIEU XUAT KHO'!R26="","",'PHIEU XUAT KHO'!R26)
B27: =IF('PHIEU XUAT KHO'!B27="","",'PHIEU XUAT KHO'!B27) | K27: =IF('PHIEU XUAT KHO'!K27="","",'PHIEU XUAT KHO'!K27) | M27: =IF('PHIEU XUAT KHO'!M27="","",'PHIEU XUAT KHO'!M27) | O27: =IF('PHIEU XUAT KHO'!O27="","",'PHIEU XUAT KHO'!O27) | R27: =IF('PHIEU XUAT KHO'!R27="","",'PHIEU XUAT KHO'!R27)
... B29: =IF('PHIEU XUAT KHO'!B29="","",'PHIEU XUAT KHO'!B29) | K29: =IF('PHIEU XUAT KHO'!K29="","",'PHIEU XUAT KHO'!K29) | M29: =IF('PHIEU XUAT KHO'!M29="","",'PHIEU XUAT KHO'!M29) | O29: =IF('PHIEU XUAT KHO'!O29="","",'PHIEU XUAT KHO'!O29) | R29: =IF('PHIEU XUAT KHO'!R29="","",'PHIEU XUAT KHO'!R29)
R30: =IF('PHIEU XUAT KHO'!R30="","",'PHIEU XUAT KHO'!R30)
E31: =IF('PHIEU XUAT KHO'!E31="","",'PHIEU XUAT KHO'!E31)
F32: =IF('PHIEU XUAT KHO'!F32="","",'PHIEU XUAT KHO'!F32)
G33: =IF('PHIEU XUAT KHO'!G33="","",'PHIEU XUAT KHO'!G33)
